person_id,first_name,last_name,display_first_last,display_last_comma_first,display_fi_last,player_slug,birthdate,school,country,last_affiliation,height,weight,season_exp,jersey,position,rosterstatus,games_played_current_season_flag,team_id,team_name,team_abbreviation,team_code,team_city,playercode,from_year,to_year,dleague_flag,nba_flag,games_played_flag,draft_year,draft_round,draft_number,greatest_75_flag
201167,Arron,Afflalo,Arron Afflalo,"Afflalo, Arron",A. Afflalo,arron-afflalo,1985-10-15 00:00:00,UCLA,USA,UCLA/USA,6-5,210.0,12.0,4,Guard,Inactive,N,1610612743,Nuggets,DEN,nuggets,Denver,arron_afflalo,2007,2017,N,Y,Y,2007,1,27,N
202332,Cole,Aldrich,Cole Aldrich,"Aldrich, Cole",C. Aldrich,cole-aldrich,1988-10-31 00:00:00,Kansas,USA,Kansas/USA,6-11,253.0,9.0,45,Center,Inactive,N,1610612752,Knicks,NYK,knicks,New York,cole_aldrich,2010,2017,Y,Y,Y,2010,1,11,N
1629638,Nickeil,Alexander-Walker,Nickeil Alexander-Walker,"Alexander-Walker, Nickeil",N. Alexander-Walker,nickeil-alexander-walker,1998-09-02 00:00:00,Virginia Tech,Canada,Virginia Tech/Canada,6-5,205.0,4.0,9,Guard,Active,N,1610612750,Timberwolves,MIN,timberwolves,Minnesota,nickeil_alexander-walker,2019,2023,Y,Y,Y,2019,1,17,N
203937,Kyle,Anderson,Kyle Anderson,"Anderson, Kyle",K. Anderson,kyle-anderson,1993-09-20 00:00:00,UCLA,USA,UCLA/USA,6-9,230.0,9.0,5,Forward-Guard,Active,N,1610612750,Timberwolves,MIN,timberwolves,Minnesota,kyle_anderson,2014,2023,Y,Y,Y,2014,1,30,N
201589,Darrell,Arthur,Darrell Arthur,"Arthur, Darrell",D. Arthur,darrell-arthur,1988-03-25 00:00:00,Kansas,USA,Kansas/USA,6-9,235.0,10.0,00,Forward,Inactive,N,1610612743,Nuggets,DEN,nuggets,Denver,darrell_arthur,2008,2017,N,Y,Y,2008,1,27,N
203569,Chris,Babb,Chris Babb,"Babb, Chris",C. Babb,chris-babb,1990-02-14 00:00:00,Iowa State,USA,Iowa State/USA,6-5,225.0,3.0,52,Guard,Inactive,N,1610612738,Celtics,BOS,celtics,Boston,chris_babb,2013,2014,Y,Y,Y,Undrafted,Undrafted,Undrafted,N
2556,Marcus,Banks,Marcus Banks,"Banks, Marcus",M. Banks,marcus-banks,1981-11-19 00:00:00,UNLV,USA,UNLV/USA,6-2,205.0,9.0,15,Guard,Inactive,N,1610612738,Celtics,BOS,celtics,Boston,marcus_banks,2003,2010,Y,Y,Y,2003,1,13,N
1629628,RJ,Barrett,RJ Barrett,"Barrett, RJ",R. Barrett,rj-barrett,2000-06-14 00:00:00,Duke,Canada,Duke/Canada,6-6,214.0,4.0,9,Forward-Guard,Active,N,1610612752,Knicks,NYK,knicks,New York,rj_barrett,2019,2023,N,Y,Y,2019,1,3,N
101138,Brandon,Bass,Brandon Bass,"Bass, Brandon",B. Bass,brandon-bass,1985-04-30 00:00:00,Louisiana State,USA,Louisiana State/USA,6-8,250.0,13.0,30,Forward,Inactive,N,1610612738,Celtics,BOS,celtics,Boston,brandon_bass,2005,2016,Y,Y,Y,2005,2,33,N
1628444,Jabari,Bird,Jabari Bird,"Bird, Jabari",J. Bird,jabari-bird,1994-07-03 00:00:00,California,USA,California/USA,6-6,198.0,2.0,26,Guard,Inactive,N,1610612738,Celtics,BOS,celtics,Boston,jabari_bird,2017,2017,Y,Y,Y,2017,2,56,N
1548,Mark,Blount,Mark Blount,"Blount, Mark",M. Blount,mark-blount,1975-11-30 00:00:00,Pittsburgh,USA,Pittsburgh/USA,7-0,250.0,10.0,15,Center-Forward,Inactive,N,1610612738,Celtics,BOS,celtics,Boston,mark_blount,2000,2008,N,Y,Y,1997,2,54,N
1631128,Christian,Braun,Christian Braun,"Braun, Christian",C. Braun,christian-braun,2001-04-17 00:00:00,Kansas,USA,Kansas/USA,6-6,220.0,1.0,0,Guard,Active,N,1610612743,Nuggets,DEN,nuggets,Denver,christian_braun,2022,2023,N,Y,Y,2022,1,21,N
2452,J.R.,Bremer,J.R. Bremer,"Bremer, J.R.",J. Bremer,jr-bremer,1980-09-19 00:00:00,St. Bonaventure,USA,St. Bonaventure/USA,6-2,185.0,3.0,9,Guard,Inactive,N,1610612738,Celtics,BOS,celtics,Boston,j.r._bremer,2002,2003,N,Y,Y,Undrafted,Undrafted,Undrafted,N
201147,Corey,Brewer,Corey Brewer,"Brewer, Corey",C. Brewer,corey-brewer,1986-03-05 00:00:00,Florida,USA,Florida/USA,6-9,188.0,14.0,13,Guard-Forward,Inactive,N,1610612750,Timberwolves,MIN,timberwolves,Minnesota,corey_brewer,2007,2019,N,Y,Y,2007,1,7,N
1628971,Bruce,Brown,Bruce Brown,"Brown, Bruce",B. Brown,bruce-brown,1996-08-15 00:00:00,Miami,USA,Miami/USA,6-4,202.0,5.0,11,Guard-Forward,Active,N,1610612743,Nuggets,DEN,nuggets,Denver,bruce_brown,2018,2023,Y,Y,Y,2018,2,42,N
1627759,Jaylen,Brown,Jaylen Brown,"Brown, Jaylen",J. Brown,jaylen-brown,1996-10-24 00:00:00,California,USA,California/USA,6-6,223.0,7.0,7,Guard-Forward,Active,N,1610612738,Celtics,BOS,celtics,Boston,jaylen_brown,2016,2023,N,Y,Y,2016,1,3,N
1628973,Jalen,Brunson,Jalen Brunson,"Brunson, Jalen",J. Brunson,jalen-brunson,1996-08-31 00:00:00,Villanova,USA,Villanova/USA,6-2,190.0,5.0,11,Guard,Active,N,1610612752,Knicks,NYK,knicks,New York,jalen_brunson,2018,2023,N,Y,Y,2018,2,33,N
202221,Brian,Butch,Brian Butch,"Butch, Brian",B. Butch,brian-butch,1984-12-22 00:00:00,Wisconsin,USA,Wisconsin/USA,6-11,240.0,1.0,43,Center,Inactive,N,1610612743,Nuggets,DEN,nuggets,Denver,brian_butch,2009,2009,Y,N,Y,Undrafted,Undrafted,Undrafted,N
2866,Jackie,Butler,Jackie Butler,"Butler, Jackie",J. Butler,jackie-butler,1985-03-10 00:00:00,Coastal Christian Academy (VA),USA,Coastal Christian Academy (VA)/USA,6-10,260.0,4.0,45,Center,Inactive,N,1610612752,Knicks,NYK,knicks,New York,jackie_butler,2004,2006,N,Y,Y,Undrafted,Undrafted,Undrafted,N
1630215,Jared,Butler,Jared Butler,"Butler, Jared",J. Butler,jared-butler,2000-08-25 00:00:00,Baylor,USA,Baylor/USA,6-3,193.0,2.0,14,Guard,Active,N,1610612760,Thunder,OKC,thunder,Oklahoma City,jared_butler,2021,2023,Y,Y,Y,2021,2,40,N
203484,Kentavious,Caldwell-Pope,Kentavious Caldwell-Pope,"Caldwell-Pope, Kentavious",K. Caldwell-Pope,kentavious-caldwell-pope,1993-02-18 00:00:00,Georgia,USA,Georgia/USA,6-5,204.0,10.0,5,Guard,Active,N,1610612743,Nuggets,DEN,nuggets,Denver,kentavious_caldwell-pope,2013,2023,N,Y,Y,2013,1,8,N
1628427,Vlatko,Cancar,Vlatko Cancar,"Cancar, Vlatko",V. Cancar,vlatko-cancar,1997-04-10 00:00:00,San Pablo Burgos,Slovenia,San Pablo Burgos/Slovenia,6-8,236.0,4.0,31,Forward,Active,N,1610612743,Nuggets,DEN,nuggets,Denver,vlatko_cancar,2019,2023,Y,Y,Y,2017,2,49,N
1630551,Justin,Champagnie,Justin Champagnie,"Champagnie, Justin",J. Champagnie,justin-champagnie,2001-06-29 00:00:00,Pittsburgh,USA,Pittsburgh/USA,6-6,206.0,2.0,99,Guard-Forward,Active,N,1610612738,Celtics,BOS,celtics,Boston,justin_champagnie,2021,2023,Y,Y,Y,Undrafted,Undrafted,Undrafted,N
2199,Tyson,Chandler,Tyson Chandler,"Chandler, Tyson",T. Chandler,tyson-chandler,1982-10-02 00:00:00,Dominguez HS (CA),USA,Dominguez HS (CA)/USA,7-0,235.0,20.0,6,Center,Inactive,N,1610612752,Knicks,NYK,knicks,New York,tyson_chandler,2001,2019,N,Y,Y,2001,1,2,N
201163,Wilson,Chandler,Wilson Chandler,"Chandler, Wilson",W. Chandler,wilson-chandler,1987-05-10 00:00:00,DePaul,USA,DePaul/USA,6-8,235.0,13.0,21,Forward,Inactive,N,1610612743,Nuggets,DEN,nuggets,Denver,wilson_chandler,2007,2019,N,Y,Y,2007,1,23,N
203902,Semaj,Christon,Semaj Christon,"Christon, Semaj",S. Christon,semaj-christon,1992-11-01 00:00:00,Xavier,USA,Xavier/USA,6-3,190.0,2.0,6,Guard,Inactive,N,1610612760,Thunder,OKC,thunder,Oklahoma City,semaj_christon,2016,2016,Y,Y,Y,2014,2,55,N
200776,Mardy,Collins,Mardy Collins,"Collins, Mardy",M. Collins,mardy-collins,1984-08-04 00:00:00,Temple,USA,Temple/USA,6-6,220.0,5.0,25,Guard,Inactive,N,1610612752,Knicks,NYK,knicks,New York,mardy_collins,2006,2009,Y,Y,Y,2006,1,29,N
2555,Nick,Collison,Nick Collison,"Collison, Nick",N. Collison,nick-collison,1980-10-26 00:00:00,Kansas,USA,Kansas/USA,6-10,255.0,15.0,4,Forward-Center,Inactive,N,1610612760,Thunder,OKC,thunder,Oklahoma City,nick_collison,2003,2017,N,Y,Y,2003,1,12,N
201144,Mike,Conley,Mike Conley,"Conley, Mike",M. Conley,mike-conley,1987-10-11 00:00:00,Ohio State,USA,Ohio State/USA,6-1,175.0,16.0,10,Guard,Active,N,1610612750,Timberwolves,MIN,timberwolves,Minnesota,mike_conley,2007,2023,N,Y,Y,2007,1,4,N
202326,DeMarcus,Cousins,DeMarcus Cousins,"Cousins, DeMarcus",D. Cousins,demarcus-cousins,1990-08-13 00:00:00,Kentucky,USA,Kentucky/USA,6-10,270.0,12.0,4,Center,Inactive,N,1610612743,Nuggets,DEN,nuggets,Denver,demarcus_cousins,2010,2021,N,Y,Y,2010,1,5,N
201621,Joe,Crawford,Joe Crawford,"Crawford, Joe",J. Crawford,joe-crawford,1986-06-17 00:00:00,Kentucky,USA,Kentucky/USA,6-5,210.0,2.0,5,Guard,Inactive,N,1610612752,Knicks,NYK,knicks,New York,joe_crawford,2008,2008,Y,Y,Y,2008,2,58,N
201175,Glen,Davis,Glen Davis,"Davis, Glen",G. Davis,glen-davis,1986-01-01 00:00:00,Louisiana State,USA,Louisiana State/USA,6-9,289.0,8.0,0,Forward-Center,Inactive,N,1610612738,Celtics,BOS,celtics,Boston,glen_davis,2007,2014,N,Y,Y,2007,2,35,N
1631120,J.D.,Davison,J.D. Davison,"Davison, J.D.",J. Davison,jd-davison,2002-10-03 00:00:00,Alabama,USA,Alabama/USA,6-1,195.0,1.0,20,Guard,Active,N,1610612738,Celtics,BOS,celtics,Boston,jd_davison,2022,2023,Y,Y,Y,2022,2,53,N
200821,Yakhouba,Diawara,Yakhouba Diawara,"Diawara, Yakhouba",Y. Diawara,yakhouba-diawara,1982-08-29 00:00:00,Pepperdine,USA,Pepperdine/USA,6-7,225.0,5.0,9,Forward-Guard,Inactive,N,1610612743,Nuggets,DEN,nuggets,Denver,yakhouba_diawara,2006,2009,N,Y,Y,Undrafted,Undrafted,Undrafted,N
1629652,Luguentz,Dort,Luguentz Dort,"Dort, Luguentz",L. Dort,luguentz-dort,1999-04-19 00:00:00,Arizona State,Canada,Arizona State/Canada,6-4,220.0,4.0,5,Guard,Active,N,1610612760,Thunder,OKC,thunder,Oklahoma City,luguentz_dort,2019,2023,Y,Y,Y,Undrafted,Undrafted,Undrafted,N
203921,Cleanthony,Early,Cleanthony Early,"Early, Cleanthony",C. Early,cleanthony-early,1991-04-17 00:00:00,Wichita State,USA,Wichita State/USA,6-8,210.0,3.0,11,Forward,Inactive,N,1610612752,Knicks,NYK,knicks,New York,cleanthony_early,2014,2015,Y,Y,Y,2014,2,34,N
2569,Ndudi,Ebi,Ndudi Ebi,"Ebi, Ndudi",N. Ebi,ndudi-ebi,1984-06-18 00:00:00,Westbury Christian HS (TX),USA,Westbury Christian HS (TX)/USA,6-9,195.0,3.0,44,Forward,Inactive,N,1610612750,Timberwolves,MIN,timberwolves,Minnesota,ndudi_ebi,2003,2004,Y,Y,Y,2003,1,26,N
1630162,Anthony,Edwards,Anthony Edwards,"Edwards, Anthony",A. Edwards,anthony-edwards,2001-08-05 00:00:00,Georgia,USA,Georgia/USA,6-4,225.0,3.0,1,Guard,Active,N,1610612750,Timberwolves,MIN,timberwolves,Minnesota,anthony_edwards,2020,2023,N,Y,Y,2020,1,1,N
201623,Semih,Erden,Semih Erden,"Erden, Semih",S. Erden,semih-erden,1986-07-28 00:00:00,Fenerbahce,Turkey,Fenerbahce/Turkey,7-0,240.0,3.0,9,Center,Inactive,N,1610612738,Celtics,BOS,celtics,Boston,semih_erden,2010,2011,N,Y,Y,2008,2,60,N
203543,Vitor,Faverani,Vitor Faverani,"Faverani, Vitor",V. Faverani,vitor-faverani,1988-05-05 00:00:00,Valencia,Brazil,Valencia/Brazil,6-11,260.0,2.0,38,Center,Inactive,N,1610612738,Celtics,BOS,celtics,Boston,vitor_faverani,2013,2013,Y,Y,Y,Undrafted,Undrafted,Undrafted,N
202324,Derrick,Favors,Derrick Favors,"Favors, Derrick",D. Favors,derrick-favors,1991-07-15 00:00:00,Georgia Tech,USA,Georgia Tech/USA,6-9,265.0,13.0,15,Forward,Inactive,N,1610612760,Thunder,OKC,thunder,Oklahoma City,derrick_favors,2010,2021,N,Y,Y,2010,1,3,N
202361,Landry,Fields,Landry Fields,"Fields, Landry",L. Fields,landry-fields,1988-06-27 00:00:00,Stanford,USA,Stanford/USA,6-7,215.0,5.0,2,Guard-Forward,Inactive,N,1610612752,Knicks,NYK,knicks,New York,landry_fields,2010,2014,N,Y,Y,2010,2,39,N
1630238,Malik,Fitts,Malik Fitts,"Fitts, Malik",M. Fitts,malik-fitts,1997-07-04 00:00:00,0,USA,St. Mary's College/USA,6-5,230.0,3.0,8,Forward,Inactive,N,1610612738,Celtics,BOS,celtics,Boston,malik_fitts,2020,2021,Y,Y,Y,Undrafted,Undrafted,Undrafted,N
201938,Jonny,Flynn,Jonny Flynn,"Flynn, Jonny",J. Flynn,jonny-flynn,1989-02-06 00:00:00,Syracuse,USA,Syracuse/USA,6-0,185.0,4.0,3,Guard,Inactive,N,1610612750,Timberwolves,MIN,timberwolves,Minnesota,jonny_flynn,2009,2011,Y,Y,Y,2009,1,6,N
201814,Gary,Forbes,Gary Forbes,"Forbes, Gary",G. Forbes,gary-forbes,1985-02-25 00:00:00,Massachusetts,Panama,Massachusetts/Panama,6-7,220.0,3.0,3,Forward,Inactive,N,1610612743,Nuggets,DEN,nuggets,Denver,gary_forbes,2010,2011,Y,Y,Y,Undrafted,Undrafted,Undrafted,N
203095,Evan,Fournier,Evan Fournier,"Fournier, Evan",E. Fournier,evan-fournier,1992-10-29 00:00:00,Poitiers Basket 86,France,Poitiers Basket 86/France,6-6,205.0,11.0,13,Guard-Forward,Active,N,1610612752,Knicks,NYK,knicks,New York,evan_fournier,2012,2023,N,Y,Y,2012,1,20,N
200751,Randy,Foye,Randy Foye,"Foye, Randy",R. Foye,randy-foye,1983-09-24 00:00:00,Villanova,USA,Villanova/USA,6-4,218.0,12.0,2,Guard,Inactive,N,1610612750,Timberwolves,MIN,timberwolves,Minnesota,randy_foye,2006,2016,N,Y,Y,2006,1,7,N
1628982,Melvin,Frazier Jr.,Melvin Frazier Jr.,"Frazier Jr., Melvin",M. Frazier Jr.,melvin-frazier-jr,1996-08-30 00:00:00,Tulane,USA,Tulane/USA,6-5,215.0,4.0,6,Guard-Forward,Inactive,N,1610612760,Thunder,OKC,thunder,Oklahoma City,melvin_frazier_jr,2018,2021,Y,Y,Y,2018,2,35,N
202070,Tony,Gaffney,Tony Gaffney,"Gaffney, Tony",T. Gaffney,tony-gaffney,1984-11-14 00:00:00,Massachusetts,USA,Massachusetts/USA,6-8,205.0,1.0,0,Forward,Inactive,N,1610612738,Celtics,BOS,celtics,Boston,tony_gaffney,2009,2009,Y,N,Y,Undrafted,Undrafted,Undrafted,N
1628656,Billy,Garrett,Billy Garrett,"Garrett, Billy",B. Garrett,billy-garrett,1994-10-16 00:00:00,DePaul,USA,DePaul/USA,6-6,215.0,2.0,3,Guard-Forward,Inactive,N,1610612752,Knicks,NYK,knicks,New York,billy_garrett,2018,2018,Y,Y,Y,Undrafted,Undrafted,Undrafted,N
1627875,Marcus,Georges-Hunt,Marcus Georges-Hunt,"Georges-Hunt, Marcus",M. Georges-Hunt,marcus-georges-hunt,1994-03-28 00:00:00,Georgia Tech,USA,Georgia Tech/USA,6-5,226.0,3.0,13,Guard,Inactive,N,1610612750,Timberwolves,MIN,timberwolves,Minnesota,marcus_georges-hunt,2016,2017,Y,Y,Y,Undrafted,Undrafted,Undrafted,N
201592,J.R.,Giddens,J.R. Giddens,"Giddens, J.R.",J. Giddens,jr-giddens,1985-02-13 00:00:00,New Mexico,USA,New Mexico/USA,6-5,215.0,3.0,4,Guard,Inactive,N,1610612738,Celtics,BOS,celtics,Boston,j.r._giddens,2008,2009,Y,Y,Y,2008,1,30,N
1630581,Josh,Giddey,Josh Giddey,"Giddey, Josh",J. Giddey,josh-giddey,2002-10-10 00:00:00,NBA Global Academy,Australia,NBA Global Academy/Australia,6-8,216.0,2.0,3,Guard,Active,N,1610612760,Thunder,OKC,thunder,Oklahoma City,josh_giddey,2021,2023,N,Y,Y,2021,1,6,N
1628983,Shai,Gilgeous-Alexander,Shai Gilgeous-Alexander,"Gilgeous-Alexander, Shai",S. Gilgeous-Alexander,shai-gilgeous-alexander,1998-07-12 00:00:00,Kentucky,Canada,Kentucky/Canada,6-6,195.0,5.0,2,Guard,Active,N,1610612760,Thunder,OKC,thunder,Oklahoma City,shai_gilgeous-alexander,2018,2023,N,Y,Y,2018,1,11,N
1631221,Collin,Gillespie,Collin Gillespie,"Gillespie, Collin",C. Gillespie,collin-gillespie,1999-06-25 00:00:00,Villanova,USA,Villanova/USA,6-1,195.0,0.0,21,Guard,Active,N,1610612743,Nuggets,DEN,nuggets,Denver,collin_gillespie,2022,2023,N,N,N,Undrafted,Undrafted,Undrafted,N
203497,Rudy,Gobert,Rudy Gobert,"Gobert, Rudy",R. Gobert,rudy-gobert,1992-06-26 00:00:00,Cholet,France,Cholet/France,7-1,258.0,10.0,27,Center,Active,N,1610612750,Timberwolves,MIN,timberwolves,Minnesota,rudy_gobert,2013,2023,Y,Y,Y,2013,1,27,N
203932,Aaron,Gordon,Aaron Gordon,"Gordon, Aaron",A. Gordon,aaron-gordon,1995-09-16 00:00:00,Arizona,USA,Arizona/USA,6-8,235.0,9.0,50,Forward,Active,N,1610612743,Nuggets,DEN,nuggets,Denver,aaron_gordon,2014,2023,N,Y,Y,2014,1,4,N
1629055,Donte,Grantham,Donte Grantham,"Grantham, Donte",D. Grantham,donte-grantham,1995-03-19 00:00:00,Clemson,USA,Clemson/USA,6-8,215.0,2.0,15,Forward,Inactive,N,1610612760,Thunder,OKC,thunder,Oklahoma City,donte_grantham,2018,2018,Y,Y,Y,2018,0,0,N
101123,Gerald,Green,Gerald Green,"Green, Gerald",G. Green,gerald-green,1986-01-26 00:00:00,No College,USA,No College/USA,6-7,205.0,13.0,14,Guard-Forward,Inactive,N,1610612738,Celtics,BOS,celtics,Boston,gerald_green,2005,2018,Y,Y,Y,2005,1,18,N
201145,Jeff,Green,Jeff Green,"Green, Jeff",J. Green,jeff-green,1986-08-28 00:00:00,Georgetown,USA,Georgetown/USA,6-8,235.0,15.0,32,Forward,Active,N,1610612743,Nuggets,DEN,nuggets,Denver,jeff_green,2007,2023,N,Y,Y,2007,1,5,N
201192,Taurean,Green,Taurean Green,"Green, Taurean",T. Green,taurean-green,1986-11-28 00:00:00,Florida,USA,Florida/USA,6-0,177.0,1.0,0,Guard,Inactive,N,1610612743,Nuggets,DEN,nuggets,Denver,taurean_green,2007,2007,Y,Y,Y,2007,2,52,N
201933,Blake,Griffin,Blake Griffin,"Griffin, Blake",B. Griffin,blake-griffin,1989-03-16 00:00:00,Oklahoma,USA,Oklahoma/USA,6-9,250.0,13.0,91,Forward,Active,N,1610612738,Celtics,BOS,celtics,Boston,blake_griffin,2009,2023,N,Y,Y,2009,1,1,N
1629656,Quentin,Grimes,Quentin Grimes,"Grimes, Quentin",Q. Grimes,quentin-grimes,2000-05-08 00:00:00,Houston,USA,Houston/USA,6-5,210.0,2.0,6,Guard,Active,N,1610612752,Knicks,NYK,knicks,New York,quentin_grimes,2021,2023,N,Y,Y,2021,1,25,N
1630221,Josh,Hall,Josh Hall,"Hall, Josh",J. Hall,josh-hall,2000-10-08 00:00:00,0,USA,Moravian Prep (NC)/USA,6-9,190.0,2.0,15,Forward,Inactive,N,1610612760,Thunder,OKC,thunder,Oklahoma City,josh_hall,2020,2020,Y,Y,Y,Undrafted,Undrafted,Undrafted,N
202706,Jordan,Hamilton,Jordan Hamilton,"Hamilton, Jordan",J. Hamilton,jordan-hamilton,1990-10-06 00:00:00,Texas-Austin,USA,Texas-Austin/USA,6-7,220.0,6.0,25,Guard-Forward,Inactive,N,1610612743,Nuggets,DEN,nuggets,Denver,jordan_hamilton,2011,2015,Y,Y,Y,2011,1,26,N
202725,Josh,Harrellson,Josh Harrellson,"Harrellson, Josh",J. Harrellson,josh-harrellson,1989-02-12 00:00:00,Kentucky,USA,Kentucky/USA,6-10,275.0,4.0,55,Forward-Center,Inactive,N,1610612752,Knicks,NYK,knicks,New York,josh_harrellson,2011,2013,N,Y,Y,2011,2,45,N
2454,Junior,Harrington,Junior Harrington,"Harrington, Junior",J. Harrington,junior-harrington,1980-10-02 00:00:00,Wingate,USA,Wingate/USA,6-4,190.0,4.0,10,Guard,Inactive,N,1610612743,Nuggets,DEN,nuggets,Denver,junior_harrington,2002,2006,N,Y,Y,Undrafted,Undrafted,Undrafted,N
1628392,Isaiah,Hartenstein,Isaiah Hartenstein,"Hartenstein, Isaiah",I. Hartenstein,isaiah-hartenstein,1998-05-05 00:00:00,Zalgiris,Germany,Zalgiris/Germany,7-0,250.0,5.0,55,Center-Forward,Active,N,1610612752,Knicks,NYK,knicks,New York,isaiah_hartenstein,2018,2023,Y,Y,Y,2017,2,43,N
1630573,Sam,Hauser,Sam Hauser,"Hauser, Sam",S. Hauser,sam-hauser,1997-12-08 00:00:00,Virginia,USA,Virginia/USA,6-7,217.0,2.0,30,Forward,Active,N,1610612738,Celtics,BOS,celtics,Boston,sam_hauser,2021,2023,Y,Y,Y,Undrafted,Undrafted,Undrafted,N
1628987,Kevin,Hervey,Kevin Hervey,"Hervey, Kevin",K. Hervey,kevin-hervey,1996-07-09 00:00:00,Texas-Arlington,USA,Texas-Arlington/USA,6-9,230.0,2.0,15,Forward,Inactive,N,1610612760,Thunder,OKC,thunder,Oklahoma City,kevin_hervey,2019,2019,Y,Y,Y,2018,2,57,N
1628439,Isaiah,Hicks,Isaiah Hicks,"Hicks, Isaiah",I. Hicks,isaiah-hicks,1994-07-24 00:00:00,North Carolina,USA,North Carolina/USA,6-9,230.0,3.0,4,Forward,Inactive,N,1610612752,Knicks,NYK,knicks,New York,isaiah_hicks,2017,2018,Y,Y,Y,Undrafted,Undrafted,Undrafted,N
1631096,Chet,Holmgren,Chet Holmgren,"Holmgren, Chet",C. Holmgren,chet-holmgren,2002-05-01 00:00:00,Gonzaga,USA,Gonzaga/USA,7-1,195.0,0.0,7,Center-Forward,Active,N,1610612760,Thunder,OKC,thunder,Oklahoma City,chet_holmgren,2022,2023,N,N,N,2022,1,2,N
201143,Al,Horford,Al Horford,"Horford, Al",A. Horford,al-horford,1986-06-03 00:00:00,Florida,Dominican Republic,Florida/Dominican Republic,6-9,240.0,16.0,42,Center-Forward,Active,N,1610612738,Celtics,BOS,celtics,Boston,al_horford,2007,2023,N,Y,Y,2007,1,3,N
1630210,Markus,Howard,Markus Howard,"Howard, Markus",M. Howard,markus-howard,1999-03-03 00:00:00,Marquette,USA,Marquette/USA,5-10,175.0,3.0,00,Guard,Inactive,N,1610612743,Nuggets,DEN,nuggets,Denver,markus_howard,2020,2021,Y,Y,Y,Undrafted,Undrafted,Undrafted,N
201991,Lester,Hudson,Lester Hudson,"Hudson, Lester",L. Hudson,lester-hudson,1984-08-07 00:00:00,Tennessee-Martin,USA,Tennessee-Martin/USA,6-3,190.0,5.0,14,Guard,Inactive,N,1610612738,Celtics,BOS,celtics,Boston,lester_hudson,2009,2014,Y,Y,Y,2009,2,58,N
203962,Josh,Huestis,Josh Huestis,"Huestis, Josh",J. Huestis,josh-huestis,1991-12-19 00:00:00,Stanford,USA,Stanford/USA,6-7,230.0,4.0,34,Guard,Inactive,N,1610612760,Thunder,OKC,thunder,Oklahoma City,josh_huestis,2015,2017,Y,Y,Y,2014,1,29,N
203133,Robbie,Hummel,Robbie Hummel,"Hummel, Robbie",R. Hummel,robbie-hummel,1989-03-08 00:00:00,Purdue,USA,Purdue/USA,6-9,219.0,3.0,4,Forward,Inactive,N,1610612750,Timberwolves,MIN,timberwolves,Minnesota,robbie_hummel,2013,2014,N,Y,Y,2012,2,58,N
1630624,Feron,Hunt,Feron Hunt,"Hunt, Feron",F. Hunt,feron-hunt,1999-07-05 00:00:00,Southern Methodist,USA,Southern Methodist/USA,6-8,195.0,2.0,11,Forward,Inactive,N,1610612752,Knicks,NYK,knicks,New York,feron_hunt,2021,2021,Y,Y,Y,Undrafted,Undrafted,Undrafted,N
1626154,RJ,Hunter,RJ Hunter,"Hunter, RJ",R. Hunter,rj-hunter,1993-10-24 00:00:00,Georgia State,USA,Georgia State/USA,6-5,185.0,5.0,28,Guard,Inactive,N,1610612738,Celtics,BOS,celtics,Boston,rj_hunter,2015,2018,Y,Y,Y,2015,1,28,N
202704,Reggie,Jackson,Reggie Jackson,"Jackson, Reggie",R. Jackson,reggie-jackson,1990-04-16 00:00:00,Boston College,USA,Boston College/USA,6-2,208.0,12.0,7,Guard,Active,N,1610612743,Nuggets,DEN,nuggets,Denver,reggie_jackson,2011,2023,Y,Y,Y,2011,1,24,N
2060,Marko,Jaric,Marko Jaric,"Jaric, Marko",M. Jaric,marko-jaric,1978-12-10 00:00:00,Virtus Bologna,Serbia,Virtus Bologna/Serbia,6-7,224.0,8.0,55,Guard,Inactive,N,1610612750,Timberwolves,MIN,timberwolves,Minnesota,marko_jaric,2002,2008,N,Y,Y,2000,2,30,N
201605,Nathan,Jawai,Nathan Jawai,"Jawai, Nathan",N. Jawai,nathan-jawai,1986-10-10 00:00:00,Midland (Texas),Australia,Midland (Texas)/Australia,6-10,280.0,3.0,15,Forward,Inactive,N,1610612750,Timberwolves,MIN,timberwolves,Minnesota,nathan_jawai,2008,2009,Y,Y,Y,2008,2,41,N
1629610,DaQuan,Jeffries,DaQuan Jeffries,"Jeffries, DaQuan",D. Jeffries,daquan-jeffries,1997-08-30 00:00:00,Tulsa,USA,Tulsa/USA,6-5,222.0,4.0,8,Guard-Forward,Active,N,1610612752,Knicks,NYK,knicks,New York,daquan_jeffries,2019,2023,Y,Y,Y,Undrafted,Undrafted,Undrafted,N
2407,Jared,Jeffries,Jared Jeffries,"Jeffries, Jared",J. Jeffries,jared-jeffries,1981-11-25 00:00:00,Indiana,USA,Indiana/USA,6-11,240.0,12.0,1,Forward,Inactive,N,1610612752,Knicks,NYK,knicks,New York,jared_jeffries,2002,2012,N,Y,Y,2002,1,11,N
202419,Chris,Johnson,Chris Johnson,"Johnson, Chris",C. Johnson,chris-johnson,1985-07-17 00:00:00,Louisiana State,USA,Louisiana State/USA,6-11,210.0,4.0,20,Forward,Inactive,N,1610612750,Timberwolves,MIN,timberwolves,Minnesota,chris_johnson,2010,2012,Y,Y,Y,Undrafted,Undrafted,Undrafted,N
1626177,Dakari,Johnson,Dakari Johnson,"Johnson, Dakari",D. Johnson,dakari-johnson,1995-09-22 00:00:00,Kentucky,USA,Kentucky/USA,7-0,255.0,1.0,44,Center,Inactive,N,1610612760,Thunder,OKC,thunder,Oklahoma City,dakari_johnson,2017,2017,Y,Y,Y,2015,2,48,N
2035,DerMarr,Johnson,DerMarr Johnson,"Johnson, DerMarr",D. Johnson,dermarr-johnson,1980-05-05 00:00:00,Cincinnati,USA,Cincinnati/USA,6-9,210.0,8.0,1,Forward-Guard,Inactive,N,1610612743,Nuggets,DEN,nuggets,Denver,dermarr_johnson,2000,2007,Y,Y,Y,2000,1,6,N
202707,JaJuan,Johnson,JaJuan Johnson,"Johnson, JaJuan",J. Johnson,jajuan-johnson,1989-02-08 00:00:00,Purdue,USA,Purdue/USA,6-10,221.0,2.0,12,Forward,Inactive,N,1610612738,Celtics,BOS,celtics,Boston,jajuan_johnson,2011,2011,Y,Y,Y,2011,1,27,N
203999,Nikola,Jokic,Nikola Jokic,"Jokic, Nikola",N. Jokic,nikola-jokic,1995-02-19 00:00:00,Mega Basket,Serbia,Mega Basket/Serbia,6-11,284.0,8.0,15,Center,Active,N,1610612743,Nuggets,DEN,nuggets,Denver,nikola_jokic,2015,2023,N,Y,Y,2014,2,41,N
203103,Perry,Jones III,Perry Jones III,"Jones III, Perry",P. Jones III,perry-jones-iii,1991-09-24 00:00:00,Baylor,USA,Baylor/USA,6-11,235.0,4.0,3,Forward,Inactive,N,1610612760,Thunder,OKC,thunder,Oklahoma City,perry_jones iii,2012,2014,Y,Y,Y,2012,1,28,N
201599,DeAndre,Jordan,DeAndre Jordan,"Jordan, DeAndre",D. Jordan,deandre-jordan,1988-07-21 00:00:00,Texas A&M,USA,Texas A&M/USA,6-11,265.0,15.0,6,Center,Active,N,1610612743,Nuggets,DEN,nuggets,Denver,deandre_jordan,2008,2023,N,Y,Y,2008,2,35,N
203126,Kris,Joseph,Kris Joseph,"Joseph, Kris",K. Joseph,kris-joseph,1988-12-17 00:00:00,Syracuse,Canada,Syracuse/Canada,6-7,210.0,2.0,24,Forward,Inactive,N,1610612738,Celtics,BOS,celtics,Boston,kris_joseph,2012,2012,Y,Y,Y,2012,2,51,N
1631211,Trevor,Keels,Trevor Keels,"Keels, Trevor",T. Keels,trevor-keels,2003-08-26 00:00:00,Duke,USA,Duke/USA,6-4,221.0,1.0,3,Guard,Active,N,1610612752,Knicks,NYK,knicks,New York,trevor_keels,2022,2023,Y,Y,Y,2022,2,42,N
101132,Linas,Kleiza,Linas Kleiza,"Kleiza, Linas",L. Kleiza,linas-kleiza,1985-01-03 00:00:00,Missouri,Lithuania,Missouri/Lithuania,6-8,234.0,8.0,11,Forward,Inactive,N,1610612743,Nuggets,DEN,nuggets,Denver,linas_kleiza,2005,2012,N,Y,Y,2005,1,27,N
201802,Oliver,Lafayette,Oliver Lafayette,"Lafayette, Oliver",O. Lafayette,oliver-lafayette,1984-05-06 00:00:00,Houston,USA,Houston/USA,6-2,190.0,2.0,0,Guard,Inactive,N,1610612738,Celtics,BOS,celtics,Boston,oliver_lafayette,2009,2009,Y,Y,Y,Undrafted,Undrafted,Undrafted,N
203530,Joffrey,Lauvergne,Joffrey Lauvergne,"Lauvergne, Joffrey",J. Lauvergne,joffrey-lauvergne,1991-09-30 00:00:00,Khimki,France,Khimki/France,6-11,260.0,5.0,77,Center,Inactive,N,1610612743,Nuggets,DEN,nuggets,Denver,joffrey_lauvergne,2014,2017,N,Y,Y,2013,2,55,N
201951,Ty,Lawson,Ty Lawson,"Lawson, Ty",T. Lawson,ty-lawson,1987-11-03 00:00:00,North Carolina,USA,North Carolina/USA,5-11,195.0,10.0,4,Guard,Inactive,N,1610612743,Nuggets,DEN,nuggets,Denver,ty_lawson,2009,2017,N,Y,Y,2009,1,18,N
1627774,Jake,Layman,Jake Layman,"Layman, Jake",J. Layman,jake-layman,1994-03-07 00:00:00,Maryland,USA,Maryland/USA,6-8,209.0,7.0,10,Forward,Inactive,N,1610612750,Timberwolves,MIN,timberwolves,Minnesota,jake_layman,2016,2021,Y,Y,Y,2016,2,47,N
101135,David,Lee,David Lee,"Lee, David",D. Lee,david-lee,1983-04-29 00:00:00,Florida,USA,Florida/USA,6-9,245.0,13.0,10,Forward-Center,Inactive,N,1610612752,Knicks,NYK,knicks,New York,david_lee,2005,2016,N,Y,Y,2005,1,30,N
1628399,Tyler,Lydon,Tyler Lydon,"Lydon, Tyler",T. Lydon,tyler-lydon,1996-04-09 00:00:00,Syracuse,USA,Syracuse/USA,6-10,225.0,3.0,20,Forward,Inactive,N,1610612743,Nuggets,DEN,nuggets,Denver,tyler_lydon,2017,2018,Y,Y,Y,2017,1,24,N
1630544,Tre,Mann,Tre Mann,"Mann, Tre",T. Mann,tre-mann,2001-02-03 00:00:00,Florida,USA,Florida/USA,6-3,178.0,2.0,23,Guard,Active,N,1610612760,Thunder,OKC,thunder,Oklahoma City,tre_mann,2021,2023,Y,Y,Y,2021,1,18,N
1630540,Miles,McBride,Miles McBride,"McBride, Miles",M. McBride,miles-mcbride,2000-09-08 00:00:00,West Virginia,USA,West Virginia/USA,6-2,195.0,2.0,2,Guard,Active,N,1610612752,Knicks,NYK,knicks,New York,miles_mcbride,2021,2023,Y,Y,Y,2021,2,36,N
101119,Rashad,McCants,Rashad McCants,"McCants, Rashad",R. McCants,rashad-mccants,1984-09-25 00:00:00,North Carolina,USA,North Carolina/USA,6-4,215.0,5.0,7,Guard,Inactive,N,1610612750,Timberwolves,MIN,timberwolves,Minnesota,rashad_mccants,2005,2008,Y,Y,Y,2005,1,14,N
2082,Dan,McClintock,Dan McClintock,"McClintock, Dan",D. McClintock,dan-mcclintock,1977-04-19 00:00:00,Northern Arizona,USA,Northern Arizona/USA,7-0,270.0,1.0,50,Center,Inactive,N,1610612743,Nuggets,DEN,nuggets,Denver,dan_mcclintock,2000,2000,N,Y,Y,2000,2,53,N
203956,Mitch,McGary,Mitch McGary,"McGary, Mitch",M. McGary,mitch-mcgary,1992-06-06 00:00:00,Michigan,USA,Michigan/USA,6-10,255.0,3.0,33,Forward,Inactive,N,1610612760,Thunder,OKC,thunder,Oklahoma City,mitch_mcgary,2014,2015,Y,Y,Y,2014,1,21,N
1629162,Jordan,McLaughlin,Jordan McLaughlin,"McLaughlin, Jordan",J. McLaughlin,jordan-mclaughlin,1996-04-09 00:00:00,Southern California,USA,Southern California/USA,6-0,185.0,4.0,6,Guard,Active,N,1610612750,Timberwolves,MIN,timberwolves,Minnesota,jordan_mclaughlin,2019,2023,Y,Y,Y,Undrafted,Undrafted,Undrafted,N
203097,Fab,Melo,Fab Melo,"Melo, Fab",F. Melo,fab-melo,1990-06-20 00:00:00,Syracuse,Brazil,Syracuse/Brazil,7-0,255.0,2.0,13,Center,Inactive,N,1610612738,Celtics,BOS,celtics,Boston,fab_melo,2012,2012,Y,Y,Y,2012,1,22,N
1626175,Jordan,Mickey,Jordan Mickey,"Mickey, Jordan",J. Mickey,jordan-mickey,1994-07-09 00:00:00,Louisiana State,USA,Louisiana State/USA,6-8,235.0,4.0,25,Center-Forward,Inactive,N,1610612738,Celtics,BOS,celtics,Boston,jordan_mickey,2015,2017,Y,Y,Y,2015,2,33,N
203113,Quincy,Miller,Quincy Miller,"Miller, Quincy",Q. Miller,quincy-miller,1992-11-18 00:00:00,Baylor,USA,Baylor/USA,6-9,210.0,4.0,34,Forward,Inactive,N,1610612743,Nuggets,DEN,nuggets,Denver,quincy_miller,2012,2014,Y,Y,Y,2012,2,38,N
1631169,Josh,Minott,Josh Minott,"Minott, Josh",J. Minott,josh-minott,2002-11-25 00:00:00,Memphis,USA,Memphis/USA,6-8,205.0,1.0,8,Forward,Active,N,1610612750,Timberwolves,MIN,timberwolves,Minnesota,josh_minott,2022,2023,Y,Y,Y,2022,2,45,N
202328,Greg,Monroe,Greg Monroe,"Monroe, Greg",G. Monroe,greg-monroe,1990-06-04 00:00:00,Georgetown,USA,Georgetown/USA,6-10,250.0,11.0,15,Forward-Center,Inactive,N,1610612750,Timberwolves,MIN,timberwolves,Minnesota,greg_monroe,2010,2021,Y,Y,Y,2010,1,7,N
1631111,Wendell,Moore Jr.,Wendell Moore Jr.,"Moore Jr., Wendell",W. Moore Jr.,wendell-moore-jr,2001-09-18 00:00:00,Duke,USA,Duke/USA,6-5,215.0,1.0,7,Guard,Active,N,1610612750,Timberwolves,MIN,timberwolves,Minnesota,wendell_moore,2022,2023,Y,Y,Y,2022,1,26,N
1629752,Juwan,Morgan,Juwan Morgan,"Morgan, Juwan",J. Morgan,juwan-morgan,1997-04-17 00:00:00,Indiana,USA,Indiana/USA,6-7,232.0,4.0,16,Forward,Inactive,N,1610612738,Celtics,BOS,celtics,Boston,juwan_morgan,2019,2021,Y,Y,Y,Undrafted,Undrafted,Undrafted,N
201627,Anthony,Morrow,Anthony Morrow,"Morrow, Anthony",A. Morrow,anthony-morrow,1985-09-27 00:00:00,Georgia Tech,USA,Georgia Tech/USA,6-5,210.0,10.0,11,Guard,Inactive,N,1610612760,Thunder,OKC,thunder,Oklahoma City,anthony_morrow,2008,2016,N,Y,Y,Undrafted,Undrafted,Undrafted,N
202389,Timofey,Mozgov,Timofey Mozgov,"Mozgov, Timofey",T. Mozgov,timofey-mozgov,1986-07-16 00:00:00,Khimki,Russia,Khimki/Russia,7-1,275.0,10.0,21,Center,Inactive,N,1610612743,Nuggets,DEN,nuggets,Denver,timofey_mozgov,2010,2018,N,Y,Y,Undrafted,Undrafted,Undrafted,N
1627750,Jamal,Murray,Jamal Murray,"Murray, Jamal",J. Murray,jamal-murray,1997-02-23 00:00:00,Kentucky,Canada,Kentucky/Canada,6-4,215.0,6.0,27,Guard,Active,N,1610612743,Nuggets,DEN,nuggets,Denver,jamal_murray,2016,2023,N,Y,Y,2016,1,7,N
2059,Eduardo,Najera,Eduardo Najera,"Najera, Eduardo",E. Najera,eduardo-najera,1976-07-11 00:00:00,Oklahoma,Mexico,Oklahoma/Mexico,6-8,235.0,13.0,21,Forward,Inactive,N,1610612743,Nuggets,DEN,nuggets,Denver,eduardo_najera,2000,2011,N,Y,Y,2000,2,38,N
1626254,Maurice,Ndour,Maurice Ndour,"Ndour, Maurice",M. Ndour,maurice-ndour,1992-06-18 00:00:00,Ohio,Senegal,Ohio/Senegal,6-9,200.0,2.0,2,Forward,Inactive,N,1610612752,Knicks,NYK,knicks,New York,maurice_ndour,2016,2016,Y,Y,Y,Undrafted,Undrafted,Undrafted,N
1630192,Zeke,Nnaji,Zeke Nnaji,"Nnaji, Zeke",Z. Nnaji,zeke-nnaji,2001-01-09 00:00:00,Arizona,USA,Arizona/USA,6-9,240.0,3.0,22,Forward-Center,Active,N,1610612743,Nuggets,DEN,nuggets,Denver,zeke_nnaji,2020,2023,N,Y,Y,2020,1,22,N
1629669,Jaylen,Nowell,Jaylen Nowell,"Nowell, Jaylen",J. Nowell,jaylen-nowell,1999-07-09 00:00:00,Washington,USA,Washington/USA,6-4,201.0,4.0,4,Guard,Active,N,1610612750,Timberwolves,MIN,timberwolves,Minnesota,jaylen_nowell,2019,2023,Y,Y,Y,2019,2,43,N
203124,Kyle,O'Quinn,Kyle O'Quinn,"O'Quinn, Kyle",K. O'Quinn,kyle-oquinn,1990-03-26 00:00:00,Norfolk State,USA,Norfolk State/USA,6-9,250.0,9.0,9,Center-Forward,Inactive,N,1610612752,Knicks,NYK,knicks,New York,kyle_o'quinn,2012,2019,N,Y,Y,2012,2,49,N
201593,Nikola,Pekovic,Nikola Pekovic,"Pekovic, Nikola",N. Pekovic,nikola-pekovic,1986-01-03 00:00:00,Panathinaikos,Montenegro,Panathinaikos/Montenegro,6-11,307.0,7.0,14,Center,Inactive,N,1610612750,Timberwolves,MIN,timberwolves,Minnesota,nikola_pekovic,2010,2016,N,Y,Y,2008,2,31,N
2570,Kendrick,Perkins,Kendrick Perkins,"Perkins, Kendrick",K. Perkins,kendrick-perkins,1984-11-10 00:00:00,Clifton J. Ozen HS (TX),USA,Clifton J. Ozen HS (TX)/USA,6-10,270.0,14.0,21,Center,Inactive,N,1610612738,Celtics,BOS,celtics,Boston,kendrick_perkins,2003,2017,Y,Y,Y,2003,1,27,N
101130,Johan,Petro,Johan Petro,"Petro, Johan",J. Petro,johan-petro,1986-01-27 00:00:00,Pau Orthez,France,Pau Orthez/France,7-0,247.0,9.0,10,Center,Inactive,N,1610612760,Thunder,OKC,thunder,Oklahoma City,johan_petro,2005,2012,Y,Y,Y,2005,1,25,N
1627850,Marshall,Plumlee,Marshall Plumlee,"Plumlee, Marshall",M. Plumlee,marshall-plumlee,1992-07-14 00:00:00,Duke,USA,Duke/USA,7-0,250.0,2.0,40,Center,Inactive,N,1610612752,Knicks,NYK,knicks,New York,marshall_plumlee,2016,2017,Y,Y,Y,Undrafted,Undrafted,Undrafted,N
1630197,Aleksej,Pokusevski,Aleksej Pokusevski,"Pokusevski, Aleksej",A. Pokusevski,aleksej-pokusevski,2001-12-26 00:00:00,Olympiacos,Serbia,Olympiacos/Serbia,7-0,210.0,3.0,17,Forward,Active,N,1610612760,Thunder,OKC,thunder,Oklahoma City,aleksej_pokusevski,2020,2023,Y,Y,Y,2020,1,17,N
204001,Kristaps,Porzingis,Kristaps Porzingis,"Porzingis, Kristaps",K. Porzingis,kristaps-porzingis,1995-08-02 00:00:00,Cajasol Sevilla,Latvia,Cajasol Sevilla/Latvia,7-3,240.0,7.0,6,Forward-Center,Active,N,1610612738,Celtics,BOS,celtics,Boston,kristaps_porzingis,2015,2023,N,Y,Y,2015,1,4,N
2068,Lavor,Postell,Lavor Postell,"Postell, Lavor",L. Postell,lavor-postell,1978-02-26 00:00:00,St. John's (NY),USA,St. John's (NY)/USA,6-5,215.0,4.0,7,Guard-Forward,Inactive,N,1610612752,Knicks,NYK,knicks,New York,lavor_postell,2000,2002,N,Y,Y,2000,2,39,N
200796,Leon,Powe,Leon Powe,"Powe, Leon",L. Powe,leon-powe,1984-01-22 00:00:00,California,USA,California/USA,6-8,240.0,6.0,7,Forward,Inactive,N,1610612738,Celtics,BOS,celtics,Boston,leon_powe,2006,2010,N,Y,Y,2006,2,49,N
1630202,Payton,Pritchard,Payton Pritchard,"Pritchard, Payton",P. Pritchard,payton-pritchard,1998-01-28 00:00:00,Oregon,USA,Oregon/USA,6-1,195.0,3.0,11,Guard,Active,N,1610612738,Celtics,BOS,celtics,Boston,payton_pritchard,2020,2023,N,Y,Y,2020,1,26,N
201172,Gabe,Pruitt,Gabe Pruitt,"Pruitt, Gabe",G. Pruitt,gabe-pruitt,1986-04-19 00:00:00,Southern California,USA,Southern California/USA,6-4,170.0,3.0,13,Guard,Inactive,N,1610612738,Celtics,BOS,celtics,Boston,gabe_pruitt,2007,2008,Y,Y,Y,2007,2,32,N
1630193,Immanuel,Quickley,Immanuel Quickley,"Quickley, Immanuel",I. Quickley,immanuel-quickley,1999-06-17 00:00:00,Kentucky,USA,Kentucky/USA,6-2,190.0,3.0,5,Guard,Active,N,1610612752,Knicks,NYK,knicks,New York,immanuel_quickley,2020,2023,N,Y,Y,2020,1,25,N
2080,Igor,Rakocevic,Igor Rakocevic,"Rakocevic, Igor",I. Rakocevic,igor-rakocevic,1978-03-29 00:00:00,Buducnost,Serbia,Buducnost/Serbia,6-2,184.0,2.0,36,Guard,Inactive,N,1610612750,Timberwolves,MIN,timberwolves,Minnesota,igor_rakocevic,2002,2002,N,Y,Y,2000,2,51,N
202360,Andy,Rautins,Andy Rautins,"Rautins, Andy",A. Rautins,andy-rautins,1986-11-02 00:00:00,Syracuse,USA,Syracuse/USA,6-4,190.0,2.0,11,Guard,Inactive,N,1610612752,Knicks,NYK,knicks,New York,andy_rautins,2010,2010,Y,Y,Y,2010,2,38,N
1629675,Naz,Reid,Naz Reid,"Reid, Naz",N. Reid,naz-reid,1999-08-26 00:00:00,Louisiana State,USA,Louisiana State/USA,6-9,264.0,4.0,11,Center-Forward,Active,N,1610612750,Timberwolves,MIN,timberwolves,Minnesota,naz_reid,2019,2023,Y,Y,Y,Undrafted,Undrafted,Undrafted,N
201181,Chris,Richard,Chris Richard,"Richard, Chris",C. Richard,chris-richard,1984-12-25 00:00:00,Florida,USA,Florida/USA,6-9,256.0,3.0,35,Forward,Inactive,N,1610612750,Timberwolves,MIN,timberwolves,Minnesota,chris_richard,2007,2009,Y,Y,Y,2007,2,41,N
203085,Austin,Rivers,Austin Rivers,"Rivers, Austin",A. Rivers,austin-rivers,1992-08-01 00:00:00,Duke,USA,Duke/USA,6-4,200.0,11.0,25,Guard,Active,N,1610612750,Timberwolves,MIN,timberwolves,Minnesota,austin_rivers,2012,2023,N,Y,Y,2012,1,10,N
1629011,Mitchell,Robinson,Mitchell Robinson,"Robinson, Mitchell",M. Robinson,mitchell-robinson,1998-04-01 00:00:00,Western Kentucky,USA,Western Kentucky/USA,7-0,240.0,5.0,23,Center-Forward,Active,N,1610612752,Knicks,NYK,knicks,New York,mitchell_robinson,2018,2023,N,Y,Y,2018,2,36,N
1630526,Jeremiah,Robinson-Earl,Jeremiah Robinson-Earl,"Robinson-Earl, Jeremiah",J. Robinson-Earl,jeremiah-robinson-earl,2000-11-03 00:00:00,Villanova,USA,Villanova/USA,6-8,240.0,2.0,50,Forward,Active,N,1610612760,Thunder,OKC,thunder,Oklahoma City,tmp_jeremiah_robinson-earl,2021,2023,Y,Y,Y,2021,2,32,N
1629676,Isaiah,Roby,Isaiah Roby,"Roby, Isaiah",I. Roby,isaiah-roby,1998-02-03 00:00:00,Nebraska,USA,Nebraska/USA,6-8,230.0,4.0,18,Forward,Active,N,1610612752,Knicks,NYK,knicks,New York,roby_isaiah,2019,2023,Y,Y,Y,2019,2,45,N
203967,Dario,Saric,Dario Saric,"Saric, Dario",D. Saric,dario-saric,1994-04-08 00:00:00,Anadolu Efes,Croatia,Anadolu Efes/Croatia,6-10,225.0,6.0,9,Forward-Center,Active,N,1610612760,Thunder,OKC,thunder,Oklahoma City,dario_saric,2016,2023,N,Y,Y,2014,1,12,N
1630846,Olivier,Sarr,Olivier Sarr,"Sarr, Olivier",O. Sarr,olivier-sarr,1999-02-20 00:00:00,Kentucky,France,Kentucky/France,6-11,240.0,2.0,30,Center,Active,N,1610612760,Thunder,OKC,thunder,Oklahoma City,olivier_sarr,2021,2023,Y,Y,Y,Undrafted,Undrafted,Undrafted,N
2243,Brian,Scalabrine,Brian Scalabrine,"Scalabrine, Brian",B. Scalabrine,brian-scalabrine,1978-03-18 00:00:00,Southern California,USA,Southern California/USA,6-9,235.0,12.0,24,Forward,Inactive,N,1610612738,Celtics,BOS,celtics,Boston,brian_scalabrine,2001,2011,N,Y,Y,2001,2,34,N
203144,Alexey,Shved,Alexey Shved,"Shved, Alexey",A. Shved,alexey-shved,1988-12-16 00:00:00,CSKA Moscow,Russia,CSKA Moscow/Russia,6-6,187.0,3.0,1,Guard,Inactive,N,1610612750,Timberwolves,MIN,timberwolves,Minnesota,alexey_shved,2012,2014,N,Y,Y,Undrafted,Undrafted,Undrafted,N
1630579,Jericho,Sims,Jericho Sims,"Sims, Jericho",J. Sims,jericho-sims,1998-10-20 00:00:00,Texas,USA,Texas/USA,6-10,250.0,2.0,45,Center,Active,N,1610612752,Knicks,NYK,knicks,New York,jericho_sims,2021,2023,Y,Y,Y,2021,2,58,N
200783,Craig,Smith,Craig Smith,"Smith, Craig",C. Smith,craig-smith,1983-11-10 00:00:00,Boston College,USA,Boston College/USA,6-7,265.0,6.0,83,Forward,Inactive,N,1610612750,Timberwolves,MIN,timberwolves,Minnesota,craig_smith,2006,2011,Y,Y,Y,2006,2,36,N
2747,JR,Smith,JR Smith,"Smith, JR",J. Smith,jr-smith,1985-09-09 00:00:00,No College,USA,No College/USA,6-6,220.0,17.0,21,Guard,Inactive,N,1610612743,Nuggets,DEN,nuggets,Denver,jr_smith,2004,2019,N,Y,Y,2004,1,18,N
201880,Greg,Stiemsma,Greg Stiemsma,"Stiemsma, Greg",G. Stiemsma,greg-stiemsma,1985-09-26 00:00:00,Wisconsin,USA,Wisconsin/USA,6-11,260.0,5.0,34,Center,Inactive,N,1610612750,Timberwolves,MIN,timberwolves,Minnesota,greg_stiemsma,2009,2014,Y,Y,Y,Undrafted,Undrafted,Undrafted,N
2405,Amar'e,Stoudemire,Amar'e Stoudemire,"Stoudemire, Amar'e",A. Stoudemire,amare-stoudemire,1982-11-16 00:00:00,Cypress Creek HS (FL),USA,Cypress Creek HS (FL)/USA,6-10,245.0,15.0,5,Forward-Center,Inactive,N,1610612752,Knicks,NYK,knicks,New York,amar'e_stoudemire,2002,2015,N,Y,Y,2002,1,9,N
2552,Michael,Sweetney,Michael Sweetney,"Sweetney, Michael",M. Sweetney,michael-sweetney,1982-10-25 00:00:00,Georgetown,USA,Georgetown/USA,6-8,270.0,5.0,50,Forward,Inactive,N,1610612752,Knicks,NYK,knicks,New York,michael_sweetney,2003,2006,Y,Y,Y,2003,1,9,N
2741,Robert,Swift,Robert Swift,"Swift, Robert",R. Swift,robert-swift,1985-12-03 00:00:00,Bakersfield HS (CA),USA,Bakersfield HS (CA)/USA,7-1,270.0,5.0,31,Center,Inactive,N,1610612760,Thunder,OKC,thunder,Oklahoma City,robert_swift,2004,2008,Y,Y,Y,2004,1,12,N
1628369,Jayson,Tatum,Jayson Tatum,"Tatum, Jayson",J. Tatum,jayson-tatum,1998-03-03 00:00:00,Duke,USA,Duke/USA,6-8,210.0,6.0,0,Forward-Guard,Active,N,1610612738,Celtics,BOS,celtics,Boston,jayson_tatum,2017,2023,N,Y,Y,2017,1,3,N
1630167,Obi,Toppin,Obi Toppin,"Toppin, Obi",O. Toppin,obi-toppin,1998-03-04 00:00:00,Dayton,USA,Dayton/USA,6-9,220.0,3.0,1,Forward,Active,N,1610612752,Knicks,NYK,knicks,New York,obi_toppin,2020,2023,N,Y,Y,2020,1,8,N
1626253,Axel,Toupane,Axel Toupane,"Toupane, Axel",A. Toupane,axel-toupane,1992-07-23 00:00:00,Strasbourg IG,France,Strasbourg IG/France,6-7,210.0,4.0,66,Guard-Forward,Inactive,N,1610612743,Nuggets,DEN,nuggets,Denver,axel_toupane,2015,2020,Y,Y,Y,Undrafted,Undrafted,Undrafted,N
1626157,Karl-Anthony,Towns,Karl-Anthony Towns,"Towns, Karl-Anthony",K. Towns,karl-anthony-towns,1995-11-15 00:00:00,Kentucky,USA,Kentucky/USA,7-0,248.0,8.0,32,Center-Forward,Active,N,1610612750,Timberwolves,MIN,timberwolves,Minnesota,karl-anthony_towns,2015,2023,N,Y,Y,2015,1,1,N
2244,Jeff,Trepagnier,Jeff Trepagnier,"Trepagnier, Jeff",J. Trepagnier,jeff-trepagnier,1979-07-11 00:00:00,USC,USA,Southern California/USA,6-4,200.0,4.0,4,Guard,Inactive,N,1610612743,Nuggets,DEN,nuggets,Denver,jeff_trepagnier,2001,2003,Y,Y,Y,2001,2,35,N
2401,Nikoloz,Tskitishvili,Nikoloz Tskitishvili,"Tskitishvili, Nikoloz",N. Tskitishvili,nikoloz-tskitishvili,1983-04-14 00:00:00,Benetton Treviso,Georgia,Benetton Treviso/Georgia,7-0,225.0,5.0,15,Forward,Inactive,N,1610612743,Nuggets,DEN,nuggets,Denver,nikoloz_tskitishvili,2002,2005,N,Y,Y,2002,1,5,N
201987,Robert,Vaden,Robert Vaden,"Vaden, Robert",R. Vaden,robert-vaden,1985-03-03 00:00:00,Alabama-Birmingham,USA,Alabama-Birmingham/USA,6-5,205.0,1.0,30,Guard-Forward,Inactive,N,1610612760,Thunder,OKC,thunder,Oklahoma City,robert_vaden,2010,2010,Y,N,N,2009,2,54,N
201611,Henry,Walker,Henry Walker,"Walker, Henry",H. Walker,henry-walker,1987-10-09 00:00:00,Kansas State,USA,Kansas State/USA,6-6,235.0,5.0,5,Forward,Inactive,N,1610612752,Knicks,NYK,knicks,New York,henry_walker,2008,2014,Y,Y,Y,2008,2,47,N
1630613,Duane,Washington Jr.,Duane Washington Jr.,"Washington Jr., Duane",D. Washington Jr.,duane-washington-jr,2000-03-24 00:00:00,Ohio State,Germany,Ohio State/Germany,6-2,197.0,2.0,4,Guard,Active,N,1610612752,Knicks,NYK,knicks,New York,duane_washington_jr,2021,2023,Y,Y,Y,Undrafted,Undrafted,Undrafted,N
1630322,Lindy,Waters III,Lindy Waters III,"Waters III, Lindy",L. Waters III,lindy-waters-iii,1997-07-28 00:00:00,Oklahoma State,USA,Oklahoma State/USA,6-6,210.0,2.0,12,Forward,Active,N,1610612760,Thunder,OKC,thunder,Oklahoma City,lindy_waters_iii,2021,2023,Y,Y,Y,Undrafted,Undrafted,Undrafted,N
2248,Earl,Watson,Earl Watson,"Watson, Earl",E. Watson,earl-watson,1979-06-12 00:00:00,UCLA,USA,UCLA/USA,6-1,199.0,13.0,17,Guard,Inactive,N,1610612760,Thunder,OKC,thunder,Oklahoma City,earl_watson,2001,2013,N,Y,Y,2001,2,39,N
1631212,Peyton,Watson,Peyton Watson,"Watson, Peyton",P. Watson,peyton-watson,2002-09-11 00:00:00,UCLA,USA,UCLA/USA,6-7,200.0,1.0,8,Guard,Active,N,1610612743,Nuggets,DEN,nuggets,Denver,peyton_watson,2022,2023,Y,Y,Y,2022,1,30,N
204037,Travis,Wear,Travis Wear,"Wear, Travis",T. Wear,travis-wear,1990-09-21 00:00:00,UCLA,USA,UCLA/USA,6-10,225.0,3.0,21,Forward,Inactive,N,1610612752,Knicks,NYK,knicks,New York,travis_wear,2014,2017,Y,Y,Y,Undrafted,Undrafted,Undrafted,N
2412,Jiri,Welsch,Jiri Welsch,"Welsch, Jiri",J. Welsch,jiri-welsch,1980-01-27 00:00:00,Union Olimpija,Czech Republic,Union Olimpija/Czech Republic,6-7,208.0,4.0,44,Forward,Inactive,N,1610612738,Celtics,BOS,celtics,Boston,jiri_welsch,2002,2005,N,Y,Y,2002,1,16,N
1629118,Thomas,Welsh,Thomas Welsh,"Welsh, Thomas",T. Welsh,thomas-welsh,1996-02-03 00:00:00,UCLA,USA,UCLA/USA,7-0,255.0,2.0,45,Center,Inactive,N,1610612743,Nuggets,DEN,nuggets,Denver,thomas_welsh,2018,2018,Y,Y,Y,2018,2,58,N
2753,Delonte,West,Delonte West,"West, Delonte",D. West,delonte-west,1983-07-26 00:00:00,St. Joseph's (PA),USA,St. Joseph's (PA)/USA,6-3,180.0,9.0,13,Guard,Inactive,N,1610612738,Celtics,BOS,celtics,Boston,delonte_west,2004,2011,Y,Y,Y,2004,1,24,N
1628401,Derrick,White,Derrick White,"White, Derrick",D. White,derrick-white,1994-07-02 00:00:00,Colorado,USA,Colorado/USA,6-4,190.0,6.0,9,Guard,Active,N,1610612738,Celtics,BOS,celtics,Boston,derrick_white,2017,2023,Y,Y,Y,2017,1,29,N
1631298,Jack,White,Jack White,"White, Jack",J. White,jack-white,1997-08-05 00:00:00,Duke,Australia,Duke/Australia,6-7,225.0,1.0,10,Forward,Active,N,1610612743,Nuggets,DEN,nuggets,Denver,jack_white,2022,2023,Y,Y,Y,Undrafted,Undrafted,Undrafted,N
200778,James,White,James White,"White, James",J. White,james-white,1982-10-21 00:00:00,Cincinnati,USA,Cincinnati/USA,6-7,215.0,4.0,4,Guard-Forward,Inactive,N,1610612752,Knicks,NYK,knicks,New York,james_white,2006,2012,Y,Y,Y,2006,2,31,N
2206,Rodney,White,Rodney White,"White, Rodney",R. White,rodney-white,1980-06-28 00:00:00,North Carolina-Charlotte,USA,North Carolina-Charlotte/USA,6-9,230.0,5.0,3,Forward,Inactive,N,1610612743,Nuggets,DEN,nuggets,Denver,rodney_white,2001,2004,N,Y,Y,2001,1,9,N
1630598,Aaron,Wiggins,Aaron Wiggins,"Wiggins, Aaron",A. Wiggins,aaron-wiggins,1999-01-02 00:00:00,Maryland,USA,Maryland/USA,6-5,190.0,2.0,21,Guard,Active,N,1610612760,Thunder,OKC,thunder,Oklahoma City,aaron_wiggins,2021,2023,Y,Y,Y,2021,2,55,N
2421,Frank,Williams,Frank Williams,"Williams, Frank",F. Williams,frank-williams,1980-02-25 00:00:00,Illinois,USA,Illinois/USA,6-3,212.0,4.0,30,Guard,Inactive,N,1610612752,Knicks,NYK,knicks,New York,frank_williams,2002,2004,Y,Y,Y,2002,1,25,N
1629684,Grant,Williams,Grant Williams,"Williams, Grant",G. Williams,grant-williams,1998-11-30 00:00:00,Tennessee,USA,Tennessee/USA,6-6,236.0,4.0,12,Forward,Active,N,1610612738,Celtics,BOS,celtics,Boston,grant_williams,2019,2023,N,Y,Y,2019,1,22,N
1631114,Jalen,Williams,Jalen Williams,"Williams, Jalen",J. Williams,jalen-williams,2001-04-14 00:00:00,Santa Clara,USA,Santa Clara/USA,6-5,211.0,1.0,8,Guard-Forward,Active,N,1610612760,Thunder,OKC,thunder,Oklahoma City,jalen_williams,2022,2023,N,Y,Y,2022,1,12,N
1629057,Robert,Williams III,Robert Williams III,"Williams III, Robert",R. Williams III,robert-williams-iii,1997-10-17 00:00:00,Texas A&M,USA,Texas A&M/USA,6-9,237.0,5.0,44,Center-Forward,Active,N,1610612738,Celtics,BOS,celtics,Boston,robert_williams,2018,2023,Y,Y,Y,2018,1,27,N
2254,Loren,Woods,Loren Woods,"Woods, Loren",L. Woods,loren-woods,1978-06-21 00:00:00,Arizona,USA,Arizona/USA,7-2,260.0,7.0,33,Center,Inactive,N,1610612750,Timberwolves,MIN,timberwolves,Minnesota,loren_woods,2001,2007,Y,Y,Y,2001,2,45,N
1629624,Kenny,Wooten,Kenny Wooten,"Wooten, Kenny",K. Wooten,kenny-wooten,1998-04-17 00:00:00,Oregon,USA,Oregon/USA,6-8,235.0,1.0,45,Forward,Inactive,N,1610612752,Knicks,NYK,knicks,New York,kenny_wooten,2019,2019,Y,N,Y,Undrafted,Undrafted,Undrafted,N
101152,Bracey,Wright,Bracey Wright,"Wright, Bracey",B. Wright,bracey-wright,1984-07-01 00:00:00,Indiana,USA,Indiana/USA,6-3,201.0,2.0,6,Guard,Inactive,N,1610612750,Timberwolves,MIN,timberwolves,Minnesota,bracey_wright,2005,2006,Y,Y,Y,2005,2,47,N
1627824,Guerschon,Yabusele,Guerschon Yabusele,"Yabusele, Guerschon",G. Yabusele,guerschon-yabusele,1995-12-17 00:00:00,Rouen Metropole,France,Rouen Metropole/France,6-8,260.0,3.0,30,Forward,Inactive,N,1610612738,Celtics,BOS,celtics,Boston,guerschon_yabusele,2016,2018,Y,Y,Y,2016,1,16,N
2428,Vincent,Yarbrough,Vincent Yarbrough,"Yarbrough, Vincent",V. Yarbrough,vincent-yarbrough,1981-03-21 00:00:00,Tennessee,USA,Tennessee/USA,6-7,210.0,2.0,3,Forward,Inactive,N,1610612743,Nuggets,DEN,nuggets,Denver,vincent_yarbrough,2002,2002,N,Y,Y,2002,2,32,N
